name,bitter,meaty,salty,sour,sweet,piquant,ingredients
"Easy-to-Make-Bread-Recipe-with-Healthy-Nuts-and-Seeds-2022710","0.8333333333333334","0.8333333333333334","0.8333333333333334","0.16666666666666666","0.16666666666666666","0.0","raw almonds walnuts flax seeds sunflower seeds pumpkin seeds sesame seeds eggs sea salt"
"Pecan-Praline-Cookies-2022561","0.16666666666666666","0.8333333333333334","0.16666666666666666","0.16666666666666666","0.8333333333333334","0.0","egg whites brown sugar vanilla pecans"
"Homemade-Buttermilk-Ranch-2023182","0.8333333333333334","0.3333333333333333","0.8333333333333334","0.3333333333333333","0.3333333333333333","0.0","mayonnaise buttermilk sour cream finely chopped fresh parsley dried chives onion powder garlic salt freshly ground black pepper milk"
"Banting-Cheese-Puffs-2022475","0.6666666666666666","0.8333333333333334","0.5","0.16666666666666666","0.16666666666666666","0.0","cream eggs cheese almond flour back bacon rashers onions"
"Homemade-Mozzarella-Sticks-with-String-Cheese-2018295","0.8333333333333334","0.8333333333333334","0.8333333333333334","0.16666666666666666","0.16666666666666666","0.0","string cheese Italian style breadcrumbs eggs milk oil marinara sauce"
"Stamped-Sugar-Cookies-2023958","0.16666666666666666","0.8333333333333334","0.5","0.16666666666666666","0.6666666666666666","0.0","unsalted butter brown sugar large eggs vanilla flour baking powder salt"
"Vanilla-Sugar-Cookies-2023954","0.16666666666666666","0.8333333333333334","0.5","0.16666666666666666","0.6666666666666666","0.0","unsalted butter brown sugar large eggs vanilla flour baking powder salt"
"How-to-make-french-toast-306796","0.16666666666666666","0.16666666666666666","0.16666666666666666","0.16666666666666666","0.3333333333333333","0.0","milk eggs sugar cinnamon salt challa butter oil"
"Italian-Calzones-2024656","0.6666666666666666","0.3333333333333333","0.8333333333333334","0.16666666666666666","0.16666666666666666","0.0","active dry yeast warm water olive oil white sugar salt all-purpose flour sausages fresh mushrooms ricotta cheese shredded cheese pepperoni fresh basil leaves eggs marinara sauce"
"Ham-Omelet-Grilled-Cheese-Sandwich_-on-Ben_s-Honey-Wheat-Bread-2021004","0.8333333333333334","0.8333333333333334","0.8333333333333334","0.16666666666666666","0.16666666666666666","0.0","large eggs milk salt sliced ham cheddar cheese wheat bread butter"
"Bacon-and-cheese-egg-mcmuffin-cups-334789","0.8333333333333334","0.8333333333333334","0.8333333333333334","0.0","0.16666666666666666","0.0","English muffins cooked bacon shredded cheddar cheese large eggs kosher salt"
"2-Minute-Tuna-Salad-2021023","0.8333333333333334","0.8333333333333334","0.8333333333333334","0.5","0.16666666666666666","0.6666666666666666","tuna mayonnaise mustard bell pepper cayenne salt pepper"
"Cream-Cheese-Lemon-Bars-2022986","0.6666666666666666","0.6666666666666666","0.8333333333333334","0.16666666666666666","0.8333333333333334","0.0","lemon cake mix vegetable oil eggs cream cheese lemon juice sugar"
"Coconut-Macaroons-2024507","0.8333333333333334","0.8333333333333334","0.16666666666666666","0.16666666666666666","0.8333333333333334","0.0","sweetened coconut flakes sweetened condensed milk vanilla extract large eggs salt sweet chocolate"
"Ramen-Bowl-2024280","0.8333333333333334","0.16666666666666666","0.8333333333333334","0.16666666666666666","0.16666666666666666","0.8333333333333334","ramen beef broth boiled eggs green onions jalapeno chilies cilantro"
"Puff-Pizza-Ring-2024776","0.6666666666666666","0.8333333333333334","0.8333333333333334","0.16666666666666666","0.16666666666666666","0.0","puff pastry pizza sauce mozzarella cheese pepperoni slices parmesan cheese eggs"
"Mint-Chocolate-Donut-Holes-2024300","0.16666666666666666","0.5","0.16666666666666666","0.16666666666666666","0.6666666666666666","0.5","butter sugar eggs mint extract all-purpose flour cocoa yeast baking chips vegetable oil glaze powdered sugar milk"
"Cold-Tuna-Macaroni-Salad-2024796","0.16666666666666666","0.16666666666666666","0.16666666666666666","0.6666666666666666","0.16666666666666666","0.16666666666666666","elbow macaroni tuna mayonnaise green pepper purple onion celery pepper"
"Easy-Cheesy-Mac-2019818","0.8333333333333334","0.6666666666666666","0.8333333333333334","0.16666666666666666","0.3333333333333333","0.0","elbow macaroni butter Velveeta shredded sharp cheddar cheese milk eggs salt"
"Coleslaw-2023891","0.5","0.16666666666666666","0.5","0.8333333333333334","0.5","0.0","mayonnaise sugar vinegar seasoning salt pepper slaw mix"
"Breakfast-Sticks-1096708","0.5","0.8333333333333334","0.6666666666666666","0.16666666666666666","0.16666666666666666","0.0","oil bacon breakfast sausages green onions large eggs jack cheese"
"Vegetable-Souffle-with-Parsley_-Sage-_-Rosemary-2021976","0.8333333333333334","0.16666666666666666","0.8333333333333334","0.6666666666666666","0.16666666666666666","0.16666666666666666","coconut oil large carrots zucchini spring onions parsley salt white pepper eggs sage leaves rosemary"
"Bacon-Egg-Cups-2022007","0.8333333333333334","0.8333333333333334","0.8333333333333334","0.0","0.16666666666666666","0.0","bacon eggs shredded cheddar cheese salt black pepper"
"Fathead-Pizza-Dough--Low-Carb-_-Amazing-2024752","0.16666666666666666","0.8333333333333334","0.5","0.0","0.16666666666666666","0.0","cream cheese shredded mozzarella cheese eggs garlic powder almond flour"
"Garlic-Aioli-Dressing-2020930","0.16666666666666666","0.8333333333333334","0.5","0.16666666666666666","0.16666666666666666","0.3333333333333333","egg yolks whole grain mustard salt pepper lemon juice olive oil"
"Legendary-Legend-Quest-Sugar-Cookies-2021461","0.16666666666666666","0.5","0.16666666666666666","0.16666666666666666","0.8333333333333334","0.0","butter sugar eggs flour vanilla"
"Cinnamon-Sugar-Pecans-2012205","0.6666666666666666","0.8333333333333334","0.5","0.16666666666666666","0.8333333333333334","0.0","egg whites water pure vanilla extract pecan halves sugar ground cinnamon salt"
"Lemon-Drop-Cookies-2022949","0.6666666666666666","0.3333333333333333","0.8333333333333334","0.16666666666666666","0.8333333333333334","0.0","lemon cake mix eggs vegetable oil powdered sugar lemon juice water"
"Fry-Sauce-2016213","0.8333333333333334","0.5","0.8333333333333334","0.16666666666666666","0.5","0.0","mayonnaise ketchup apple cider vinegar granulated garlic salt seasoning onion powder"
"Cauliflower-Breadsticks-546079","0.8333333333333334","0.16666666666666666","0.6666666666666666","0.8333333333333334","0.3333333333333333","0.0","cauliflower egg whites mozzarella cheese italian seasoning ground black pepper salt marinara sauce"
"Chewy-Gooey-Flourless-Chocolate-Cookies-472130","0.3333333333333333","0.16666666666666666","0.16666666666666666","0.0","0.8333333333333334","0.0","powdered sugar cocoa powder salt large egg whites pure vanilla extract bittersweet chocolate chips"
"PALEO-SCOTCH-EGGS-2021182","0.5","0.8333333333333334","0.5","0.0","0.16666666666666666","0.0","minced pork eggs salt herbs"
"Greek-Yogurt-Pancakes-2019181","0.8333333333333334","0.16666666666666666","0.8333333333333334","0.16666666666666666","0.5","0.0","greek yogurt all-purpose flour sugar baking soda salt large eggs vanilla extract"
"Cheesy-Spinach-Strata-2021703","0.3333333333333333","0.16666666666666666","0.3333333333333333","0.16666666666666666","0.16666666666666666","0.0","unsalted butter onions ground nutmeg eggs whole milk Italian bread mozzarella cheese salt pepper"
"Yeast-Rolls-2019726","0.16666666666666666","0.3333333333333333","0.6666666666666666","0.16666666666666666","0.5","0.0","flour salt eggs sugar butter milk active dry yeast"
"Dutch-Baby-2024418","0.6666666666666666","0.16666666666666666","0.8333333333333334","0.16666666666666666","0.5","0.0","butter all-purpose flour milk white sugar salt large eggs"
"The-Best-White-Bread-2015695","0.16666666666666666","0.3333333333333333","0.8333333333333334","0.16666666666666666","0.5","0.0","active dry yeast milk granulated sugar kosher salt eggs melted butter bread flour"
"Ham-and-Cheese-Egg-Cups-2024485","0.8333333333333334","0.6666666666666666","0.8333333333333334","0.16666666666666666","0.16666666666666666","0.0","thin deli ham large eggs egg whites skim milk salt pepper fresh spinach leaves sharp cheddar cheese"
"Healthy-Chicken-Fingers-1813063","0.16666666666666666","0.8333333333333334","0.16666666666666666","0.16666666666666666","0.3333333333333333","0.16666666666666666","boneless chicken eggs honey prepared mustard cornflakes black pepper"
"Almond-Butter-Banana-Bread-2023442","0.3333333333333333","0.5","0.5","0.16666666666666666","0.8333333333333334","0.0","bananas vegetable oil sugar yoghurt vanilla almond butter eggs flour baking powder baking soda salt"
"Chocolate-Mocha-Cake-2022933","0.16666666666666666","0.6666666666666666","0.16666666666666666","0.0","0.16666666666666666","0.0","""devils food cake mix"" coffee cooking oil large eggs"
"Beignet-Doughnuts-2021925","0.16666666666666666","0.16666666666666666","0.16666666666666666","0.16666666666666666","0.5","0.0","active dry yeast warm water flour vegetable shortening boiling water granulated sugar salt evaporated milk large eggs powdered sugar"
"Buttermilk-Cornbread-2022217","0.8333333333333334","0.3333333333333333","0.8333333333333334","0.16666666666666666","0.16666666666666666","0.0","cornmeal flour salt baking powder baking soda large eggs buttermilk butter"
"BHG_com-2024462","0.16666666666666666","0.16666666666666666","0.16666666666666666","0.16666666666666666","0.5","0.0","flour active dry yeast warm water sugar milk butter salt eggs dried apricot raisins egg whites water"
"Creamy-Ranch-Pasta-Salad-2023481","0.16666666666666666","0.16666666666666666","0.16666666666666666","0.16666666666666666","0.16666666666666666","0.0","rotini cucumber large tomato baby spinach mayonnaise seasoning"
"Amish-Pancake-2021157","0.8333333333333334","0.16666666666666666","0.8333333333333334","0.16666666666666666","0.16666666666666666","0.0","flour baking powder salt milk eggs"
"Lemon-Bars-2016121","0.16666666666666666","0.6666666666666666","0.3333333333333333","0.5","0.8333333333333334","0.0","flour granulated sugar salt unsalted butter lemon large eggs corn starch"
"Microwave-Western-Omelet-2024268","0.6666666666666666","0.6666666666666666","0.8333333333333334","0.8333333333333334","0.16666666666666666","0.16666666666666666","red pepper sweet onion ham eggs milk american cheese slices"
"Pink-Pancakes-_aka-Beet-Ricotta-Pancakes_-2024593","0.5","0.16666666666666666","0.6666666666666666","0.16666666666666666","0.3333333333333333","0.0","baking mix whole wheat flour beets ricotta cheese large eggs milk vanilla"
"Gluten-Free-Lemon-Crinkle-Cookies-2021207","0.16666666666666666","0.8333333333333334","0.16666666666666666","0.16666666666666666","0.8333333333333334","0.0","blanched almond flour granulated sugar lemon zest salt egg whites lemon extract powdered sugar"
"Raspberry-Pear-Coffee-Cake-_Gluten-Free_-2021510","0.3333333333333333","0.16666666666666666","0.6666666666666666","0.3333333333333333","0.6666666666666666","0.0","oat flour almond flour arrowroot starch baking powder baking soda sea salt cinnamon coconut oil honey eggs vanilla pears lemon juice raspberries coconut sugar"
"Lucky-Day-4-Leaf-Clover-Avocado-Breakfast-Toast-with-Green-Pepper-2023443","0.8333333333333334","0.5","0.8333333333333334","0.8333333333333334","0.16666666666666666","0.3333333333333333","bell pepper avocado eggs salt black pepper toast butter"
"Cheesy-Jalapeno-Corn-Pancakes-2023241","0.6666666666666666","0.5","0.6666666666666666","0.16666666666666666","0.16666666666666666","0.0","pickled jalapenos sweet corn cheddar cheese eggs plain flour milk oil salt black pepper"
"3-Ingredient-Protein-Pancakes-2016274","0.6666666666666666","0.16666666666666666","0.3333333333333333","0.3333333333333333","0.5","0.0","bananas large eggs baking powder"
"JAMAICAN-BANANA-BREAD-2019073","0.16666666666666666","0.16666666666666666","0.5","0.16666666666666666","0.8333333333333334","0.0","all-purpose flour baking soda salt granulated sugar butter large eggs bananas yoghurt dark rum vanilla extract sweetened coconut flakes cooking spray powdered sugar fresh lime juice"
"Salted-Caramel-Turtle-Brownies-2023218","0.6666666666666666","0.8333333333333334","0.3333333333333333","0.16666666666666666","0.8333333333333334","0.0","unsalted butter chocolate bars granulated sugar large eggs pure vanilla extract Dutch-processed cocoa powder flour salt chopped pecans semi-sweet chocolate morsels salted caramels"
"Breakfast-Toast-Cups-2023518","0.8333333333333334","0.6666666666666666","0.8333333333333334","0.16666666666666666","0.16666666666666666","0.0","wheat bread eggs ham shredded cheddar cheese salt pepper"
"Turkey_-Broccoli-and-Cheddar-Mini-Frittatas-2019191","0.3333333333333333","0.5","0.6666666666666666","0.8333333333333334","0.16666666666666666","0.0","large eggs large egg whites broccoli florets turkey breast cheddar cheese sliced green onions kosher salt freshly ground black pepper"
"Easy-Coconut-Shrimp-and-Tropical-Fried-Rice-2024472","0.5","0.16666666666666666","0.8333333333333334","0.8333333333333334","0.3333333333333333","0.16666666666666666","shrimp eggs milk sesame oil chopped onion pineapple red bell pepper green bell pepper frozen peas and carrots garlic cooked rice hoisin sauce water soy sauce"
"Easy-Chilaquiles-Verde-2023543","0.8333333333333334","0.16666666666666666","0.8333333333333334","0.16666666666666666","0.3333333333333333","0.6666666666666666","salsa verde eggs diced red onions tortilla chips queso fresco plain greek yogurt cilantro leaves"
"Ultimate-Chocolate-Chip-Cookies-2024374","0.5","0.6666666666666666","0.8333333333333334","0.0","0.8333333333333334","0.0","salted butter light brown sugar granulated sugar all-purpose flour salt baking soda large eggs vanilla extract semi-sweet chocolate morsels"
"Waffles-2022736","0.16666666666666666","0.3333333333333333","0.16666666666666666","0.0","0.6666666666666666","0.0","eggs salt granulated sugar vanilla unsalted butter all-purpose flour baking powder whole milk"
"Triangle-Ranch-Scalloped-Corn-2023696","0.8333333333333334","0.3333333333333333","0.6666666666666666","0.16666666666666666","0.16666666666666666","0.8333333333333334","eggs cream American cheese milk saltines chile pepper sugar salt ground black pepper"
"Lime-Cream-Pie-2024029","0.5","0.3333333333333333","0.16666666666666666","0.5","0.8333333333333334","0.0","graham cracker crust sweetened condensed milk lime juice large egg yolks heavy cream salt vanilla extract"
"Actually-Perfect-Chocolate-Chip-Cookies-2022155","0.16666666666666666","0.6666666666666666","0.6666666666666666","0.0","0.8333333333333334","0.0","butter brown sugar granulated sugar large eggs egg yolks vanilla all-purpose flour baking soda salt semi-sweet chocolate morsels milk chocolate chips"
"Take-Me-to-Acapulco-2020885","0.16666666666666666","0.16666666666666666","0.16666666666666666","0.8333333333333334","0.5","0.0","silver rum cointreau lime juice granulated sugar large egg whites lime wedges"
"Cinnamon-Sugar-Roasted-Pecans-2023103","0.6666666666666666","0.8333333333333334","0.5","0.16666666666666666","0.8333333333333334","0.0","pecan halves egg whites brown sugar vanilla extract ground cinnamon salt"
"Vanilla-Bean-Creme-Brulee-2019503","0.16666666666666666","0.8333333333333334","0.16666666666666666","0.16666666666666666","0.6666666666666666","0.0","heavy cream vanilla bean paste sugar large egg yolks"
"Instant-Pot-Hard-_Boiled_-Eggs-2023339","0.16666666666666666","0.16666666666666666","0.16666666666666666","0.0","0.16666666666666666","0.0","large eggs water"
"About-2023424","0.3333333333333333","0.16666666666666666","0.6666666666666666","0.16666666666666666","0.5","0.0","sucanat organic unsalted butter yoghurt eggs vanilla extract grated orange cake flour baking powder baking soda ground cinnamon salt ground cloves blueberries"
"Chocolate-Chip-Caramel-Bars-2024110","0.16666666666666666","0.16666666666666666","0.6666666666666666","0.0","0.8333333333333334","0.0","Challenge Butter granulated sugar large eggs vanilla extract baking soda cream of tartar salt all-purpose flour chocolate chips caramel ice cream topping"
"Chocolate-Cherry-Bars-2023002","0.16666666666666666","0.16666666666666666","0.5","0.16666666666666666","0.8333333333333334","0.0","cake mix cherry pie filling almond extract eggs sugar milk margarine semi-sweet chocolate morsels"
"Bear-Claw-Cookies-2023227","0.3333333333333333","0.6666666666666666","0.8333333333333334","0.0","0.8333333333333334","0.0","sugar butter large eggs vanilla extract baking powder salt all-purpose flour cream cheese powdered sugar"
"Flourless-Banana-Pancakes-2021642","0.8333333333333334","0.16666666666666666","0.16666666666666666","0.3333333333333333","0.5","0.0","bananas eggs almond butter baking powder almond meal water"
"Cauliflower-Tortillas-570106","0.8333333333333334","0.16666666666666666","0.6666666666666666","0.8333333333333334","0.16666666666666666","0.0","cauliflower large eggs chopped fresh cilantro lime salt pepper"
"Fluffy-American-Pancakes-2019483","0.8333333333333334","0.16666666666666666","0.8333333333333334","0.0","0.5","0.0","all-purpose flour sugar baking powder sea salt whole milk large eggs butter vegetable oil"
"Latkes-_Potato-Pancakes_-2016635","0.8333333333333334","0.16666666666666666","0.8333333333333334","0.5","0.16666666666666666","0.16666666666666666","baking potatoes onions all-purpose flour large eggs salt freshly ground pepper vegetable oil"
"Stupid-Easy-Trim-Healthy-Mama-Chocolate-Chip-Cookies-2023592","0.16666666666666666","0.8333333333333334","0.6666666666666666","0.0","0.8333333333333334","0.0","salted butter sweetener large eggs vanilla extract blanched almond flour baking soda sugar"
"Tagliatelle-Dolci-di-Carnevale-_Italian-Carnival-Sweet-Tagliatelle_-2021283","0.16666666666666666","0.16666666666666666","0.16666666666666666","0.8333333333333334","0.6666666666666666","0.0","all-purpose flour salt eggs granulated sugar orange vegetable oil powdered sugar"
"Lemon-Dill-Avocado-Chicken-Salad-2023994","0.8333333333333334","0.16666666666666666","0.6666666666666666","0.8333333333333334","0.16666666666666666","0.0","cooked chicken breasts avocado fresh lemon juice sea salt black pepper dried dill green onions frozen peas small carrots mayonnaise"
"Tomato-Spinach-Frittata-2024040","0.6666666666666666","0.3333333333333333","0.6666666666666666","0.6666666666666666","0.16666666666666666","0.0","olive oil onions garlic baby spinach eggs salt pepper roma tomatoes"
"Cottage-Cheese-Pancakes-_Low-Carb__-2022928","0.16666666666666666","0.3333333333333333","0.8333333333333334","0.0","0.16666666666666666","0.0","large eggs cottage cheese kosher salt baking powder all-purpose flour sugar vanilla"
"Coconut-poppy-seed-Pancakes-With-Cranberry-soe-_-Plums-2022743","0.3333333333333333","0.16666666666666666","0.3333333333333333","0.16666666666666666","0.5","0.0","rice flour eggs sugar cream cheese baking powder grated coconut poppy seeds salt coconut oil cranberries water"
"Snack-Girl-2023476","0.3333333333333333","0.16666666666666666","0.6666666666666666","0.16666666666666666","0.6666666666666666","0.0","black beans large eggs canola oil cocoa powder sugar baking powder vanilla bittersweet chocolate chips"
"Meyer-Lemon-Curd-2021393","0.16666666666666666","0.16666666666666666","0.16666666666666666","0.8333333333333334","0.8333333333333334","0.0","sugar unsalted butter eggs Meyer lemon juice Meyer lemons"
"One-Hour-French-Bread-2020241","0.16666666666666666","0.16666666666666666","0.3333333333333333","0.16666666666666666","0.16666666666666666","0.0","warm water white sugar active dry yeast salt butter all-purpose flour egg whites"
"Keto-Bread-Loaves-2020805","0.8333333333333334","0.8333333333333334","0.8333333333333334","0.16666666666666666","0.16666666666666666","0.0","large eggs coconut flour flax seed meal salt baking powder baking soda water apple cider vinegar"
"Outrageously-Amazing-One-Bowl-5-Ingredient-Brownies-1786696","0.16666666666666666","0.6666666666666666","0.16666666666666666","0.0","0.8333333333333334","0.0","chocolate chips salted butter sugar large eggs all-purpose flour"
"3-Ingredient-Banana-Pancakes-1561724","0.3333333333333333","0.16666666666666666","0.16666666666666666","0.3333333333333333","0.5","0.0","bananas eggs oatmeal"
"Scottish-Tea-Bread-_Fruit-Loaf_-2024003","0.16666666666666666","0.16666666666666666","0.16666666666666666","0.3333333333333333","0.8333333333333334","0.0","zante currants raisins golden raisins dark brown sugar black tea eggs all-purpose flour baking powder"
"Dad_s-Denver-Sandwiches-2024625","0.8333333333333334","0.8333333333333334","0.8333333333333334","0.5","0.16666666666666666","0.16666666666666666","""Egglands Best® eggs"" whole milk butter egg bread chopped ham chopped green bell pepper finely chopped onion shredded cheddar cheese salt pepper ketchup"
"Fudgy-Chewy-Cocoa-Brownies-2022147","0.16666666666666666","0.6666666666666666","0.16666666666666666","0.0","0.8333333333333334","0.0","unsalted butter cooking oil sugar large eggs vanilla extract all-purpose flour unsweetened cocoa powder salt chocolate chunks"
"Basic-Vanilla-Cake-2023576","0.8333333333333334","0.8333333333333334","0.8333333333333334","0.0","0.6666666666666666","0.0","unsalted butter granulated sugar eggs vanilla extract cake flour baking powder salt whole milk"
"Low-Carb-Cheese-Crackers-Recipe-_Keto-Friendly_-2016495","0.8333333333333334","0.8333333333333334","0.8333333333333334","0.0","0.16666666666666666","0.0","cheese almond flour cream cheese eggs sea salt rosemary"
"Pimento-Cheese-Spread-2024429","0.8333333333333334","0.8333333333333334","0.8333333333333334","0.5","0.16666666666666666","0.3333333333333333","cream cheese sharp cheddar cheese monterey jack mayonnaise pimentos salt pepper garlic powder"
"Paleo-Creamy-Balsamic-Dressing-2018006","0.16666666666666666","0.8333333333333334","0.8333333333333334","0.16666666666666666","0.5","0.0","paleo mayonnaise kosher salt cracked black pepper extra-virgin olive oil red wine vinegar balsamic vinegar"
"Avocado-Egg-Salad-_mayo-free__-1050106","0.8333333333333334","0.6666666666666666","0.6666666666666666","0.5","0.16666666666666666","0.0","eggs avocado fresh lemon juice fine sea salt"
"Irish-Soda-Bread-Muffins-2024299","0.8333333333333334","0.16666666666666666","0.6666666666666666","0.16666666666666666","0.8333333333333334","0.0","raisins flour sugar baking powder salt butter milk eggs"
"Bacon-_-Sriracha-Corn-Muffins-2022674","0.8333333333333334","0.5","0.8333333333333334","0.16666666666666666","0.5","0.8333333333333334","yellow cornmeal flour baking powder baking soda sugar eggs buttermilk vegetable oil crumbled bacon Sriracha"
"Best-Ever-Meatloaf-2023534","0.16666666666666666","0.5","0.16666666666666666","0.16666666666666666","0.3333333333333333","0.8333333333333334","lean ground beef onions eggs ground pepper quick oats worcestershire sauce garlic salt onion salt tomato sauce ketchup brown sugar mustard"
"Mexican-Street-Corn-2024363","0.8333333333333334","0.6666666666666666","0.8333333333333334","0.6666666666666666","0.16666666666666666","0.6666666666666666","corn mayonnaise lime jalapeno chilies purple onion chili pepper chihuahua cheese cotija salt cilantro canola oil"
"5-Ingredient-Baked-Cauliflower-Tots-1273227","0.8333333333333334","0.16666666666666666","0.16666666666666666","0.8333333333333334","0.3333333333333333","0.0","cauliflower diced onions grated parmesan cheese bread crumbs large eggs"
"Cheesy-Taco-Dip-with-Garlic-Pretzels-Dippers-2024288","0.8333333333333334","0.16666666666666666","0.8333333333333334","0.16666666666666666","0.16666666666666666","0.8333333333333334","ground meat taco seasoning salsa cream cheese Mexican cheese blend water baking soda biscuits egg wash garlic salt chives jalapeno chilies"
"Peanut-Butter-Chocolate-Chip-Gooey-Bars-2024580","0.5","0.8333333333333334","0.3333333333333333","0.16666666666666666","0.8333333333333334","0.0","flour kosher salt baking powder creamy peanut butter sweetened condensed milk unsalted butter light brown sugar granulated sugar large eggs pure vanilla extract bittersweet chocolate chips"
"Barbecue-Ranch-Bacon-Tomato-Egg-Salad-2023527","0.6666666666666666","0.16666666666666666","0.8333333333333334","0.6666666666666666","0.5","0.5","ranch dressing barbecue sauce romaine lettuce grape tomatoes english cucumber chopped pecans seasoned croutons cooked bacon hard-boiled egg"
"Healthy-Fudgy-Dark-Chocolate-Orange-Brownies-2024800","0.8333333333333334","0.3333333333333333","0.3333333333333333","0.5","0.6666666666666666","0.0","whole wheat white flour unsweetened cocoa powder baking powder salt grated orange unsalted butter large eggs vanilla extract nonfat plain greek yogurt orange juice coconut sugar"
"Mint-Chocolate-Brownie-Shake-2017855","0.16666666666666666","0.16666666666666666","0.16666666666666666","0.16666666666666666","0.6666666666666666","0.0","chocolate eggs oil water mint chocolate chip ice cream milk chocolate sauce"
"Chocolate-Guinness-Stout-Cake-with-Chocolate-Ganache-2023345","0.3333333333333333","0.6666666666666666","0.6666666666666666","0.16666666666666666","0.8333333333333334","0.0","unsalted butter cocoa powder granulated sugar eggs vanilla extract full fat sour cream flour baking soda salt stout ganache dark chocolate chips heavy cream"
"Homemade-German-Spaetzle-2011460","0.8333333333333334","0.5","0.8333333333333334","0.16666666666666666","0.16666666666666666","0.16666666666666666","eggs milk salt flour unsalted butter white pepper nutmeg"
"Hummingbird-Cake-2023532","0.16666666666666666","0.16666666666666666","0.3333333333333333","0.5","0.8333333333333334","0.0","flour granulated sugar baking soda baking powder salt ground cinnamon eggs vegetable oil vanilla extract crushed pineapple bananas roasted pecans cream cheese frosting"
"Herb-and-Cheese-Dutch-Baby-2022914","0.6666666666666666","0.5","0.6666666666666666","0.16666666666666666","0.16666666666666666","0.0","large eggs whole milk all-purpose flour salt cracked black pepper unsalted butter gruyere cheese chives thyme oregano"
"Honey-Banana-Muffins-1559661","0.16666666666666666","0.16666666666666666","0.5","0.3333333333333333","0.6666666666666666","0.0","bananas honey canola oil large eggs vanilla all-purpose flour baking soda salt"
"Almond-Cherry-Protein-Cookies-2023879","0.8333333333333334","0.8333333333333334","0.8333333333333334","0.16666666666666666","0.3333333333333333","0.0","almond flour coconut flour rolled oats vanilla whey protein powder salt baking soda dried cherry walnuts almond butter eggs unsweetened applesauce coconut oil vanilla extract"
"Gourmet_s-Double-Chocolate-Cake-with-Chocolate-Ganache-2020115","0.5","0.3333333333333333","0.6666666666666666","0.16666666666666666","0.8333333333333334","0.0","semi-sweet chocolate morsels boiling water sugar flour unsweetened cocoa powder baking soda baking powder salt eggs vegetable oil buttermilk vanilla heavy cream corn syrup unsalted butter sea salt"
"Banana-Bread-1463526","0.16666666666666666","0.16666666666666666","0.5","0.16666666666666666","0.8333333333333334","0.0","sugar butter eggs bananas flour baking soda salt"
"Baked-Garlic-Parmesan-Chicken-2011225","0.8333333333333334","0.8333333333333334","0.8333333333333334","0.16666666666666666","0.16666666666666666","0.0","mayonnaise shredded parmesan cheese boneless skinless chicken breast cutlets italian seasoned dry bread crumbs garlic powder salt lemon pepper"
"Starbucks-Lemon-Loaf-2022863","0.16666666666666666","0.16666666666666666","0.6666666666666666","0.6666666666666666","0.8333333333333334","0.0","flour baking powder baking soda salt eggs sugar butter vanilla extract lemon extract lemon juice buttermilk lemon powdered sugar whole milk"
"Reese_s-Peanut-Butter-Cup-Cake-2021150","0.5","0.8333333333333334","0.6666666666666666","0.16666666666666666","0.8333333333333334","0.0","flour sugar baking powder baking soda salt shortening milk pure vanilla extract eggs unsweetened chocolate creamy peanut butter butter peanut butter cups ""Reeses Peanut Butter Cups"""
"Buttermilk-Sugar-Cream-Pie-2023945","0.16666666666666666","0.16666666666666666","0.16666666666666666","0.16666666666666666","0.8333333333333334","0.0","all-purpose flour butter salt sugar grated nutmeg buttermilk whole milk vanilla bean paste eggs unsalted butter whole nutmegs"
"Broccoli-Grape-Salad-1886127","0.8333333333333334","0.8333333333333334","0.8333333333333334","0.8333333333333334","0.5","0.0","bacon mayonnaise grapes purple onion sugar broccoli florets"
"Home-2024129","0.8333333333333334","0.8333333333333334","0.16666666666666666","0.16666666666666666","0.6666666666666666","0.0","seeds ground flaxseed eggs coconut oil vanilla ground cinnamon sweetener cacao nibs coconut cocoa powder"
"No-Carb-Cloud-Bread-2016000","0.6666666666666666","0.8333333333333334","0.3333333333333333","0.0","0.3333333333333333","0.0","eggs cream cheese cream of tartar sugar"
"Mini-Crescent-Chicken-Pot-Pies-685420","0.5","0.16666666666666666","0.6666666666666666","0.16666666666666666","0.16666666666666666","0.0","frozen peas and carrots cooked chicken diced potatoes milk dried thyme leaves condensed cream of chicken soup Pillsbury™ Refrigerated Crescent Dinner Rolls eggs water"
"Starbucks-Lemon-Loaf-Pound-Cake-2023813","0.3333333333333333","0.3333333333333333","0.6666666666666666","0.16666666666666666","0.8333333333333334","0.0","grated lemon zest lemon juice flour baking powder salt sugar butter eggs milk yellow food coloring powdered sugar"
"Chocolate-Caramel-Coconut-Bundt-Cakes-2023333","0.6666666666666666","0.6666666666666666","0.5","0.16666666666666666","0.6666666666666666","0.0","semisweet chocolate all-purpose flour cocoa powder baking powder baking soda salt unsalted butter sugar large eggs vanilla extract buttermilk sweetened coconut flakes caramel sauce hot fudge topping"
"Low-Carb-Cinnamon-Almonds-Lightly-Toasted-With-A-Sweet-Tasting-Glaze-2018555","0.8333333333333334","0.8333333333333334","0.8333333333333334","0.0","0.8333333333333334","0.0","almonds egg whites vanilla extract powdered sugar brown sugar salt ground cinnamon"
"Grab-And-Go-Breakfast-Bars-2022096","0.8333333333333334","0.5","0.16666666666666666","0.16666666666666666","0.8333333333333334","0.0","oats shredded wheat walnuts dried fruit ground cinnamon salt large eggs honey vanilla extract mini chocolate chips"
"Strawberry-Sweet-Rolls-with-Vanilla-Cream-Cheese-Glaze-2024255","0.16666666666666666","0.5","0.16666666666666666","0.16666666666666666","0.6666666666666666","0.0","milk water instant yeast granulated sugar salt eggs butter all-purpose flour strawberry pie filling cream cheese powdered sugar vanilla extract"
"Croissants-333493","0.6666666666666666","0.8333333333333334","0.8333333333333334","0.16666666666666666","0.3333333333333333","0.0","whole milk brown sugar active dry yeast all-purpose flour salt unsalted butter eggs"
"Snickerdoodle-Crunch-Pudding-Cookies-2024351","0.3333333333333333","0.16666666666666666","0.16666666666666666","0.16666666666666666","0.8333333333333334","0.0","unsalted butter brown sugar vanilla extract eggs vanilla baking soda salt all-purpose flour cinnamon granulated sugar ground cinnamon"
"Whole-Wheat-Sweet-Potato-Banana-Muffins-2023193","0.8333333333333334","0.3333333333333333","0.5","0.16666666666666666","0.5","0.0","whole wheat white flour baking powder baking soda cinnamon allspice salt coconut sugar maple syrup coconut oil eggs potato puree bananas milk chopped pecans"
"Nutella-Cheesecake-2019108","0.16666666666666666","0.8333333333333334","0.16666666666666666","0.16666666666666666","0.8333333333333334","0.0","fudge unsalted butter cream cheese heavy cream sugar vanilla extract salt Nutella large eggs"
"Best-Ever-Fluffy-Waffles-2017717","0.5","0.5","0.6666666666666666","0.16666666666666666","0.3333333333333333","0.0","unsalted butter blanched almond flour tapioca flour baking powder sea salt large eggs unsweetened applesauce pure maple syrup vanilla extract"
"Easy-Sticky-Toffee-Pudding-2022887","0.16666666666666666","0.16666666666666666","0.16666666666666666","0.0","0.8333333333333334","0.0","muscovado sugar self raising flour whole milk large eggs vanilla extract unsalted butter dates boiling water"
"Zucchini-Parmesan-Crisps-578468","0.16666666666666666","0.5","0.16666666666666666","0.5","0.16666666666666666","0.0","vegetable oil panko grated parmesan cheese zucchini all-purpose flour large eggs"
"Roasted-Asparagus-and-Mushroom-Quiche-2020585","0.6666666666666666","0.5","0.3333333333333333","0.16666666666666666","0.16666666666666666","0.0","flour butter egg yolks olive oil cremini mushrooms asparagus shallots fresh thyme leaves salt pepper eggs half & half gruyere cheese nutmeg"
"Bananas-Foster-Banana-Pudding-2023904","0.16666666666666666","0.16666666666666666","0.16666666666666666","0.16666666666666666","0.8333333333333334","0.0","whole milk large eggs sugar flour fine sea salt vanilla extract vanilla wafers butter firmly packed brown sugar bananas"
"Crescent-Sloppy-Joes-685424","0.6666666666666666","0.6666666666666666","0.8333333333333334","0.16666666666666666","0.5","0.6666666666666666","ground beef barbecue sauce shredded cheddar cheese Pillsbury™ Refrigerated Crescent Dinner Rolls eggs sesame seeds"
"Portobello-Steaks-with-Lemon-Basil-Aioli-2023586","0.8333333333333334","0.16666666666666666","0.8333333333333334","0.16666666666666666","0.3333333333333333","0.0","portobello caps balsamic vinegar oil tamari soy sauce dried oregano mayonnaise lemon zest fresh basil leaves garlic cloves salt"
"Red-Velvet-Cake-760185","0.16666666666666666","0.6666666666666666","0.5","0.16666666666666666","0.8333333333333334","0.0","Swans Down Cake Flour sugar unsweetened cocoa powder baking soda salt vegetable oil buttermilk large eggs red food coloring vanilla extract vinegar butter cream cheese confectioners sugar white chocolate curls"
"Quick-Salmon-Patties-2019413","0.16666666666666666","0.6666666666666666","0.3333333333333333","0.16666666666666666","0.16666666666666666","0.0","salmon white onion garlic eggs black pepper salt panko breadcrumbs plain breadcrumbs canola oil"
"Maple-Brown-Sugar-Oatmeal-Muffins-2021148","0.16666666666666666","0.16666666666666666","0.3333333333333333","0.16666666666666666","0.8333333333333334","0.0","flour rolled oats baking powder baking soda salt milk maple syrup eggs greek yogurt light brown sugar"
"Baked-Zucchini-and-Carrot-Pancakes-2011616","0.8333333333333334","0.16666666666666666","0.8333333333333334","0.6666666666666666","0.16666666666666666","0.0","zucchini carrots eggs sea salt black pepper oat flour sesame seeds"
"Nutella-Molten-Lava-Cake-2023270","0.6666666666666666","0.8333333333333334","0.16666666666666666","0.0","0.8333333333333334","0.0","sweet baking chocolate chocolate chips butter powdered sugar eggs egg yolks flour Nutella"
"SALISBURY-STEAK-2024074","0.3333333333333333","0.3333333333333333","0.6666666666666666","0.16666666666666666","0.16666666666666666","0.8333333333333334","ground beef seasoned bread crumbs ketchup mustard worcestershire sauce cayenne large egg yolks salt pepper butter beef broth corn starch onions mushrooms fresh parsley"
"Baked-Eggplant-1539190","0.5","0.16666666666666666","0.6666666666666666","0.16666666666666666","0.16666666666666666","0.0","eggplant large eggs seasoned bread crumbs olive oil garlic salt"
"Zucchini-Fritters-2011587","0.16666666666666666","0.16666666666666666","0.16666666666666666","0.8333333333333334","0.16666666666666666","0.0","zucchini scallions oat flour eggs garlic salt butter"
"Easy-Blender-Hollandaise-Sauce-Roasted-Asparagus-2023539","0.8333333333333334","0.8333333333333334","0.8333333333333334","0.5","0.16666666666666666","0.6666666666666666","salted butter large egg yolks lemon juice cayenne pepper fresh asparagus olive oil salt garlic powder black pepper"
"Homemade-Yum-Yum-Sauce-1620417","0.6666666666666666","0.6666666666666666","0.8333333333333334","0.16666666666666666","0.5","0.6666666666666666","mayonnaise water butter tomato paste sugar paprika garlic powder cayenne pepper"
"Keto-Donuts-2023213","0.5","0.5","0.5","0.16666666666666666","0.5","0.0","eggs butter pure vanilla extract stevia coconut nutmeg baking powder almond milk syrup"
"German-Pancake-2022344","0.16666666666666666","0.5","0.16666666666666666","0.16666666666666666","0.16666666666666666","0.0","butter eggs milk plain flour"
"Loaded-Oatmeal-Cookies-2017996","0.8333333333333334","0.8333333333333334","0.8333333333333334","0.16666666666666666","0.8333333333333334","0.0","butter brown sugar sugar salt large eggs vanilla extract flour baking powder baking soda rolled oats semi-sweet chocolate morsels shredded coconut chopped walnuts"
"Shrimp-and-Grits-Casserole-2023905","0.16666666666666666","0.5","0.8333333333333334","0.6666666666666666","0.16666666666666666","0.16666666666666666","bacon red bell pepper yellow bell pepper yellow onion garlic chicken broth whole milk kosher salt ground black pepper grit quick large eggs smoked gouda shredded sharp cheddar cheese olive oil shrimp green onions"
"Strawberry-Lemon-Shortbread-Bars-2024061","0.16666666666666666","0.5","0.16666666666666666","0.5","0.8333333333333334","0.0","all-purpose flour powdered sugar lemon zest butter cream cheese granulated sugar large eggs fresh lemon juice strawberry preserves sweetened whipped cream strawberries"
"Almond-Lime-Macaroons-_Gluten-Free_-Low-Fat_-Low-Calorie_-2024341","0.5","0.8333333333333334","0.16666666666666666","0.16666666666666666","0.8333333333333334","0.0","blanched almonds sugar large egg whites lime zest ground cinnamon water"
"Homemade-Caesar-Dressing-2022318","0.16666666666666666","0.8333333333333334","0.6666666666666666","0.8333333333333334","0.16666666666666666","0.16666666666666666","anchovy filets garlic large eggs dijon mustard salt pepper canola oil lemon grated parmesan cheese"
"4-Ingredient-Flourless-Chocolate-Cookies-_Low-FODMAP_-1201435","0.6666666666666666","0.16666666666666666","0.16666666666666666","0.0","0.8333333333333334","0.0","confectioners sugar egg whites pure vanilla extract unsweetened cocoa powder semisweet chocolate"
"Blueberry-Banana-Pancake-Muffins-2018365","0.16666666666666666","0.16666666666666666","0.16666666666666666","0.16666666666666666","0.5","0.0","bananas oats cottage cheese eggs vanilla maple syrup frozen blueberries"
"Mint-Chocolate-Chip-Coconut-Milk-Ice-Cream-2019923","0.16666666666666666","0.6666666666666666","0.16666666666666666","0.16666666666666666","0.6666666666666666","0.0","organic coconut milk coconut sugar egg yolks peppermint extract vanilla extract dark chocolate chips salt"
"Lemon-Buttermilk-Bundt-Cake-2018670","0.16666666666666666","0.16666666666666666","0.16666666666666666","0.16666666666666666","0.8333333333333334","0.0","lemon juice lemon zest all-purpose flour baking powder baking soda sugar vegetable oil vanilla extract large eggs buttermilk"
"Snickerdoodle-Hush-Puppies-2015013","0.8333333333333334","0.3333333333333333","0.8333333333333334","0.16666666666666666","0.6666666666666666","0.0","cornmeal flour baking powder granulated sugar kosher salt eggs milk vegetable oil cinnamon sugar"
"Oatmeal-Whole-Wheat-Blueberry-Muffins-2024451","0.16666666666666666","0.3333333333333333","0.5","0.16666666666666666","0.6666666666666666","0.0","buttermilk oats vegetable oil brown sugar eggs whole wheat flour Gold Medal® All-Purpose Flour baking soda ground cinnamon salt blueberries"
"Chipotle-Tuna-Salad-2024414","0.8333333333333334","0.5","0.16666666666666666","0.8333333333333334","0.16666666666666666","0.6666666666666666","tuna purple onion red bell pepper cilantro mayonnaise chipotle peppers lime juice salt avocado"
"Broccoli-Apple-Salad-2024379","0.16666666666666666","0.16666666666666666","0.16666666666666666","0.8333333333333334","0.6666666666666666","0.0","broccoli florets gala apples walnuts matchstick carrots golden raisins purple onion plain greek yogurt Best Foods® Real Mayonnaise apple cider vinegar honey salt"
"Broccoli-Apple-Salad-2024272","0.16666666666666666","0.16666666666666666","0.16666666666666666","0.8333333333333334","0.6666666666666666","0.0","broccoli florets gala apples walnuts matchstick carrots golden raisins purple onion plain greek yogurt Best Foods® Real Mayonnaise apple cider vinegar honey salt"
"Lemon-Blueberry-Cheesecake-Bars-2023263","0.16666666666666666","0.16666666666666666","0.16666666666666666","0.6666666666666666","0.6666666666666666","0.0","sugar ground cinnamon graham cracker crumbs unsalted butter cream cheese eggs lemon fresh blueberries powdered sugar"
"Chocolate-Cabernet-Doughnuts-2023793","0.6666666666666666","0.16666666666666666","0.6666666666666666","0.16666666666666666","0.8333333333333334","0.0","cocoa flour brown sugar baking powder baking soda salt nutmeg eggs milk vanilla vinegar unsalted butter cabernet confectioners sugar cocoa powder"
"Savory-Oats-Topped-With-A-Runny-Egg-2015070","0.6666666666666666","0.16666666666666666","0.8333333333333334","0.16666666666666666","0.16666666666666666","0.0","chicken stock quick-cooking oats salt black pepper eggs non stick spray scallions"
"Healthy-Chocolate-Muffins-2021291","0.8333333333333334","0.5","0.6666666666666666","0.16666666666666666","0.6666666666666666","0.0","whole wheat white flour baking powder salt unsweetened cocoa powder maple syrup coconut oil greek yogurt vanilla extract eggs milk brewed coffee"
"Homemade-Marshmallow-1823285","0.16666666666666666","0.16666666666666666","0.16666666666666666","0.0","0.8333333333333334","0.0","powdered gelatin cold water sugar light corn syrup large egg whites salt vanilla extract"
"Lemon-Dill-Aioli-2017341","0.6666666666666666","0.6666666666666666","0.8333333333333334","0.6666666666666666","0.3333333333333333","0.3333333333333333","mayonnaise lemon juice whole grain mustard dried dill garlic powder"
"Baked-Eggs-with-Spinach-and-Bacon-2017950","0.8333333333333334","0.8333333333333334","0.8333333333333334","0.5","0.16666666666666666","0.0","bacon fresh spinach shredded cheese eggs heavy cream fresh parsley"
"Oven-Baked-Chili-Cheese-Dogs-2019398","0.8333333333333334","0.6666666666666666","0.8333333333333334","0.16666666666666666","0.3333333333333333","0.8333333333333334","hot dogs hot dog bun mayonnaise pickle relish mustard chili onions cheddar cheese"
"Paleo-Pork-Fried-Cauliflower-Rice-2021759","0.16666666666666666","0.3333333333333333","0.16666666666666666","0.8333333333333334","0.16666666666666666","0.0","cauliflower florets ground pork medium carrot sliced mushrooms eggs scallions coconut aminos virgin coconut oil"
"Cheesy-Bacon-_-Egg-Crescent-Ring-1322099","0.8333333333333334","0.8333333333333334","0.8333333333333334","0.16666666666666666","0.5","0.0","bacon eggs milk pepper salt cheddar cheese crescent rolls"
"Portobello-and-Sausage-Muffins-2024126","0.8333333333333334","0.5","0.8333333333333334","0.16666666666666666","0.16666666666666666","0.0","spicy pork sausage eggs baby portobello mushrooms green onions mexican style 4 cheese blend salt black pepper"
"Scrambled-Eggs-With-Chorizo-2019436","0.8333333333333334","0.8333333333333334","0.8333333333333334","0.3333333333333333","0.16666666666666666","0.5","eggs chorizo olive oil parsley salt"
"Creamy-Baked-Eggs-with-Smoked-Salmon-2022713","0.5","0.16666666666666666","0.6666666666666666","0.16666666666666666","0.16666666666666666","0.0","large eggs smoked salmon shallots unsalted butter dry white wine crème fraîche dill salt black pepper bread"
"Mom_s-Oatmeal-Pancakes-2019156","0.8333333333333334","0.3333333333333333","0.5","0.16666666666666666","0.3333333333333333","0.0","milk oats eggs oil flour wheat germ baking powder salt sugar"
"Avocado-Baked-Eggs-1564295","0.8333333333333334","0.6666666666666666","0.8333333333333334","0.6666666666666666","0.16666666666666666","0.8333333333333334","avocado eggs salt black pepper cayenne pepper bacon bits green onions"
"Texas-Roadhouse-Rolls---Copycat-1531890","0.16666666666666666","0.16666666666666666","0.6666666666666666","0.16666666666666666","0.5","0.0","active dry yeast warm water milk melted butter sugar all-purpose flour eggs salt"
"Popovers-1536867","0.16666666666666666","0.16666666666666666","0.16666666666666666","0.16666666666666666","0.16666666666666666","0.0","eggs milk all-purpose flour kosher salt unsalted butter"
"The-Best-Lemon-Bars-1490037","0.16666666666666666","0.3333333333333333","0.16666666666666666","0.3333333333333333","0.8333333333333334","0.0","butter granulated sugar all-purpose flour eggs white sugar lemon juice"
"Best-Ever-Chip-Dip-1116086","0.3333333333333333","0.6666666666666666","0.6666666666666666","0.16666666666666666","0.3333333333333333","0.0","sour cream mayonnaise dried minced onion dried parsley dried dillweed garlic salt"
"Quick-and-Crispy-Vegetable-Fritters-1581926","0.16666666666666666","0.16666666666666666","0.16666666666666666","0.6666666666666666","0.16666666666666666","0.0","shredded zucchini shredded carrots garlic all-purpose flour large eggs scallions vegetable oil sour cream"
"Sunday-Morning-Chilaquiles-1041952","0.8333333333333334","0.16666666666666666","0.8333333333333334","0.16666666666666666","0.3333333333333333","0.8333333333333334","butter ""Egglands Best® eggs"" ground black pepper oil tortilla chips green onions red enchilada sauce KRAFT Shredded Mozzarella Cheese fresh cilantro avocado"
"Salted-Caramel-Blondies-1915728","0.16666666666666666","0.5","0.3333333333333333","0.0","0.8333333333333334","0.0","unsalted butter brown sugar eggs vanilla salt flour caramel sauce"
"Samoas-Baked-Oatmeal-2015214","0.6666666666666666","0.5","0.6666666666666666","0.16666666666666666","0.5","0.0","milk eggs sugar salt baking powder butter vanilla extract coconut oil oats sweetened coconut flakes caramel sauce chocolate wafer"
"Key-Lime-Pie-2023165","0.5","0.5","0.3333333333333333","0.5","0.8333333333333334","0.0","butter sugar crushed graham crackers large egg yolks sweetened condensed milk lime key lime juice lime zest whipped topping"
"Mandarin-Orange-Curd-2021490","0.16666666666666666","0.16666666666666666","0.16666666666666666","0.8333333333333334","0.6666666666666666","0.0","large eggs mandarin oranges granulated sugar unsalted butter"
"30-Second-Homemade-Honey-Mustard-Sauce-2021055","0.3333333333333333","0.5","0.5","0.16666666666666666","0.8333333333333334","0.6666666666666666","mayonnaise dijon mustard honey"
"Best-Cheesecake-with-Blueberry-Topping-2020410","0.16666666666666666","0.3333333333333333","0.16666666666666666","0.16666666666666666","0.8333333333333334","0.0","butter unsalted butter graham cracker crumbs sugar ground cinnamon salt cream cheese sour cream large eggs grated lemon zest pure vanilla extract boiling water blueberries fresh lemon juice corn starch"
"How-To-Make-A-Custard-Base-For-Ice-Cream-_-Best-Custard-Base-2018821","0.16666666666666666","0.3333333333333333","0.5","0.16666666666666666","0.6666666666666666","0.0","egg yolks granulated sugar whole milk heavy cream salt pure vanilla extract"
"Gnocchi-Closet-Cooking-54963","0.3333333333333333","0.16666666666666666","0.3333333333333333","0.3333333333333333","0.16666666666666666","0.0","russet potatoes eggs flour salt"
"How-To-Make-Swiss-Meringue-Buttercream-2017056","0.5","0.8333333333333334","0.8333333333333334","0.0","0.8333333333333334","0.0","egg whites granulated white sugar butter vanilla extract salt"
"ITALIAN-BAKED-EGGS-2023291","0.16666666666666666","0.16666666666666666","0.5","0.8333333333333334","0.16666666666666666","0.16666666666666666","olive oil chopped green bell pepper yellow onion garlic cloves crushed tomatoes salt pepper eggs shredded mozzarella cheese fresh basil leaves"
"Pimento-Cheese-2022386","0.8333333333333334","0.8333333333333334","0.8333333333333334","0.6666666666666666","0.16666666666666666","0.6666666666666666","sharp cheddar cheese mayonnaise sour cream pimentos fresh lemon juice cayenne pepper garlic powder"
"Fudge-Brownies-for-Two-2022722","0.16666666666666666","0.6666666666666666","0.16666666666666666","0.0","0.8333333333333334","0.0","semi-sweet chocolate morsels unsalted butter cocoa powder sugar large eggs egg yolks vanilla extract salt flour"
"Spinach-and-Swiss-Quiche-2022873","0.8333333333333334","0.5","0.8333333333333334","0.6666666666666666","0.16666666666666666","0.5","ground paprika chili pepper black pepper Frontier® organic ground nutmeg salt pie pastry extra-virgin olive oil frozen chopped spinach green onions red bell pepper eggs egg whites milk cottage cheese shredded swiss cheese"
"Easy-Summer-Tart-1020278","0.16666666666666666","0.3333333333333333","0.16666666666666666","0.3333333333333333","0.6666666666666666","0.0","puff pastry sheets stone fruit honey lemon juice eggs"
"Chocolate-Mousse-2006933","0.16666666666666666","0.3333333333333333","0.16666666666666666","0.16666666666666666","0.8333333333333334","0.0","egg yolks sugar cream rum vanilla chocolate"
"Potato-Croquettes-2024183","0.8333333333333334","0.6666666666666666","0.8333333333333334","0.6666666666666666","0.16666666666666666","0.5","potatoes fresh breadcrumbs large eggs grated parmesan cheese fresh parsley nutmeg sea salt ground white pepper vegetable oil chives garlic"
"Coconut-Flour-Bread-983476","0.5","0.8333333333333334","0.8333333333333334","0.16666666666666666","0.16666666666666666","0.0","coconut flour sea salt baking soda eggs coconut oil"
"Soft-Baked-Zingy-Raspberry-Jam-Cookies-with-Homemade-Raspberry-Sugar-2024636","0.16666666666666666","0.16666666666666666","0.16666666666666666","0.16666666666666666","0.8333333333333334","0.0","unsalted butter granulated sugar large eggs lemon zest milk vanilla extract raspberry jam flour baking powder table salt frozen raspberries powdered sugar whipping cream"
"Obsessively-Good-Avocado-Cucumber-Salad-1066048","0.16666666666666666","0.16666666666666666","0.3333333333333333","0.6666666666666666","0.16666666666666666","0.5","seedless cucumber scallions avocado mayonnaise lime salt hot sauce chopped cilantro"
"Cinnamon-Cream-Cheese-Pastry-Puffs-1584216","0.16666666666666666","0.8333333333333334","0.6666666666666666","0.0","0.8333333333333334","0.0","cream cheese powdered sugar cinnamon butter biscuits eggs coarse sugar"
"Jumbo-Skillet-Apple-Pancake-2021160","0.16666666666666666","0.3333333333333333","0.16666666666666666","0.16666666666666666","0.5","0.0","eggs coconut milk maple syrup almond flour arrowroot starch cinnamon baking powder sea salt coconut oil apples"
"The-Best-Fried-Rice-Youll-ever-make_-1512322","0.6666666666666666","0.3333333333333333","0.8333333333333334","0.8333333333333334","0.3333333333333333","0.16666666666666666","onions carrots celery ribs sugar garlic powder ground ginger red pepper soy sauce frozen peas shredded cabbage green onions bacon eggs cooked rice meat"
"Chocolate-Mint-Snaps-2023950","0.16666666666666666","0.5","0.6666666666666666","0.0","0.8333333333333334","0.0","chocolate shortening sugar eggs corn syrup peppermint extract vanilla flour baking soda salt granulated sugar"
"East-Tennessee-Apple-Stack-Cake-2024741","0.16666666666666666","0.16666666666666666","0.8333333333333334","0.16666666666666666","0.8333333333333334","0.0","self rising flour granulated sugar butter large eggs vanilla flavoring lemon extract ground cinnamon apples"
"Mango-Chipotle-Chicken-Salad-Lettuce-Wraps-2023553","0.8333333333333334","0.6666666666666666","0.8333333333333334","0.6666666666666666","0.5","0.8333333333333334","mayonnaise chipotles in adobo dijon mustard honey lemon juice salt pepper fresh parsley toasted cashews mango boneless skinless chicken breasts butter lettuce"
"Soft-Chocolate-Chip-M_M-Cookies-2023753","0.16666666666666666","0.6666666666666666","0.6666666666666666","0.0","0.8333333333333334","0.0","butter white sugar brown sugar eggs vanilla flour hot water baking soda salt chocolate chips"
"Chocolate-Bundt-Cake-with-Chocolate-Espresso-Glaze-2022773","0.16666666666666666","0.5","0.5","0.16666666666666666","0.8333333333333334","0.16666666666666666","all-purpose flour unsweetened cocoa powder baking soda salt whole milk plain greek yogurt unsalted butter granulated sugar large eggs pure vanilla extract chocolate chips butter espresso powder heavy cream"
"Pumpkin-Pecan-Braid-768347","0.16666666666666666","0.16666666666666666","0.16666666666666666","0.16666666666666666","0.8333333333333334","0.0","solid pack pumpkin brown sugar ground cinnamon ground ginger ground nutmeg eggs chopped pecans Pillsbury™ Refrigerated Crescent Dinner Rolls powdered sugar milk"
"Delicious-Cauliflower-Crust-2015790","0.6666666666666666","0.16666666666666666","0.8333333333333334","0.8333333333333334","0.16666666666666666","0.16666666666666666","cauliflower garlic olive oil salt parmesan cheese mozzarella cheese dried oregano dried basil red pepper flakes pepper eggs"
"Cornmeal-Waffle-2024514","0.6666666666666666","0.16666666666666666","0.8333333333333334","0.16666666666666666","0.5","0.0","yellow cornmeal flour light brown sugar baking powder salt baking soda large eggs buttermilk unsalted butter"
"Coconut-Milk-Flan-1576391","0.3333333333333333","0.5","0.16666666666666666","0.16666666666666666","0.6666666666666666","0.0","large eggs maple syrup coconut milk vanilla salt"
"Mexican-Chocolate-Tres-Leches-Cake-2022267","0.5","0.5","0.16666666666666666","0.16666666666666666","0.8333333333333334","0.8333333333333334","coffee unsalted butter large eggs whole milk pure vanilla extract granulated sugar all-purpose flour unsweetened cocoa powder cinnamon cayenne pepper baking powder baking soda salt sweet chocolate sweetened condensed milk evaporated milk chocolate milk heavy whipping cream cocoa powder"
"Flourless-Chocolate-Cake-2023368","0.8333333333333334","0.8333333333333334","0.16666666666666666","0.16666666666666666","0.8333333333333334","0.0","unsweetened baking chocolate unsweetened cocoa powder coconut oil ground cinnamon sea salt pure vanilla extract honey large eggs"
"Marble-Pound-Cake-2024385","0.3333333333333333","0.5","0.6666666666666666","0.16666666666666666","0.8333333333333334","0.0","butter sugar eggs vanilla pods greek yogurt flour salt baking powder semisweet chocolate granulated sugar hot water vanilla extract"
"Buttermilk-Banana-Cake-Recipe-with-Vanilla-Buttermilk-Glaze-2023454","0.16666666666666666","0.16666666666666666","0.16666666666666666","0.16666666666666666","0.8333333333333334","0.0","all-purpose flour sea salt baking powder baking soda sugar unsalted butter large eggs Rodelle Pure Vanilla Extract bananas buttermilk powdered sugar vanilla bean paste"
"Old-Fashioned-Butter-Cake-2023909","0.8333333333333334","0.16666666666666666","0.8333333333333334","0.16666666666666666","0.8333333333333334","0.0","all-purpose flour granulated sugar baking powder salt milk unsalted butter eggs vanilla"
"Cream-Cheese-Apple-Coffee-Cake-2022275","0.16666666666666666","0.6666666666666666","0.6666666666666666","0.16666666666666666","0.8333333333333334","0.0","butter brown sugar white sugar eggs vegetable oil vanilla flour baking soda baking powder salt cinnamon apples cream cheese"
"Vanilla-Bean-Ice-Cream-2018445","0.16666666666666666","0.16666666666666666","0.16666666666666666","0.16666666666666666","0.6666666666666666","0.0","whole milk heavy cream sugar large egg yolks salt vanilla beans blueberries raspberries"
"Easiest-Oreo-Cheesecake-1613122","0.16666666666666666","0.8333333333333334","0.6666666666666666","0.0","0.8333333333333334","0.0","OREO® Cookies butter cream cheese sugar vanilla extract eggs"
"Sizzling-Salisbury-Steak-2019112","0.16666666666666666","0.6666666666666666","0.5","0.16666666666666666","0.16666666666666666","0.8333333333333334","beef ground beef onions dry bread crumbs eggs salt ground black pepper ketchup worcestershire sauce water"
"Strawberry-Lemon-Cake-Bars-with-Lemon-Glaze-2014580","0.16666666666666666","0.3333333333333333","0.3333333333333333","0.8333333333333334","0.8333333333333334","0.0","butter sugar eggs lemon flour baking powder salt strawberries powdered sugar"
"Chocolate-Mug-Cake-2022122","0.8333333333333334","0.8333333333333334","0.6666666666666666","0.16666666666666666","0.16666666666666666","0.0","salted butter erythritol cocoa powder almond meal coconut flour vanilla extract baking powder eggs Ghirardelli Chocolate heavy whipping cream"
"Chocolate-Sugar-Cookies-2010675","0.16666666666666666","0.6666666666666666","0.16666666666666666","0.0","0.8333333333333334","0.0","flour Dutch-processed cocoa powder salt unsalted butter sugar large eggs vanilla extract"
"Lemon-Curd-2016903","0.16666666666666666","0.3333333333333333","0.16666666666666666","0.5","0.16666666666666666","0.0","unsalted butter Swerve Sweetener large eggs large egg yolks fresh lemon juice grated lemon zest"
"Pancakes-served-with-Caramelised-Nectarines-2021779","0.16666666666666666","0.16666666666666666","0.16666666666666666","0.6666666666666666","0.5","0.0","eggs plain flour milk vegetable oil nectarines unsalted butter runny honey brown sugar orange"
"Lemony-Broccoli-Chicken-Casserole-2019933","0.16666666666666666","0.16666666666666666","0.5","0.8333333333333334","0.16666666666666666","0.0","broccoli florets rice chicken breasts cream of chicken soup mayonnaise lemon juice shredded cheese"
"Whole30-Chicken-Basil-Meatballs-2021755","0.5","0.8333333333333334","0.6666666666666666","0.16666666666666666","0.16666666666666666","0.0","ground chicken eggs onions almond flour garlic fresh basil sea salt black pepper olive oil"
"Prosciutto_-Caramelized-Onion_-and-Parmesan-Braid-2024387","0.8333333333333334","0.8333333333333334","0.8333333333333334","0.16666666666666666","0.16666666666666666","0.0","butter onions garlic balsamic vinegar prosciutto fresh basil mozzarella cheese almond flour salt eggs grated parmesan cheese freshly ground black pepper olive oil"
"Brown-Butter-Sugar-Cookies-2021284","0.16666666666666666","0.5","0.5","0.0","0.8333333333333334","0.0","unsalted butter dark brown sugar vanilla extract eggs flour baking soda salt cream of tartar sea salt flakes"
"Chocolate-Almond-Bars-2020206","0.8333333333333334","0.6666666666666666","0.8333333333333334","0.0","0.8333333333333334","0.0","flour sugar melted butter eggs flavoring baking powder salt sliced almonds mini chocolate chips"
"Eggs-Benedict-with-Easy-Hollandaise-Sauce-2005660","0.6666666666666666","0.8333333333333334","0.8333333333333334","0.16666666666666666","0.16666666666666666","0.8333333333333334","English muffins canadian bacon eggs butter lemon juice cayenne pepper"
"Homemade-Vanilla-Cake-Mix-2021045","0.3333333333333333","0.16666666666666666","0.6666666666666666","0.16666666666666666","0.8333333333333334","0.0","all-purpose flour sugar baking powder salt milk vegetable oil vanilla extract large eggs hot water"
"Korean-Kimchi-Meatloaf-2023551","0.6666666666666666","0.16666666666666666","0.8333333333333334","0.16666666666666666","0.16666666666666666","0.8333333333333334","lean ground beef kimchi onions garlic ginger eggs bread crumbs dried mushrooms fish sauce toasted sesame oil"
"Coconut-Chocolate-Chip-Cookies-2022970","0.3333333333333333","0.8333333333333334","0.8333333333333334","0.16666666666666666","0.8333333333333334","0.0","unsalted butter brown sugar white sugar large eggs vanilla extract all-purpose flour salt baking soda baking powder chocolate chips sweetened coconut flakes"
"Bubble-top-Brioches-2022292","0.3333333333333333","0.6666666666666666","0.8333333333333334","0.16666666666666666","0.3333333333333333","0.0","water whole milk active dry yeast all-purpose flour salt large eggs sugar unsalted butter"
"Thyme-Sweet-Potato-and-Scrambled-Eggs-Hash-2023718","0.6666666666666666","0.3333333333333333","0.3333333333333333","0.8333333333333334","0.16666666666666666","0.0","eggs extra-virgin olive oil garlic chopped onion sweet potatoes kale fresh thyme salt pepper avocado"
"Easy-Coconut-Shrimp-and-Fried-Rice-2024453","0.5","0.16666666666666666","0.8333333333333334","0.8333333333333334","0.3333333333333333","0.16666666666666666","shrimp eggs milk sesame oil chopped onion pineapple red bell pepper green bell pepper frozen peas and carrots garlic cooked rice hoisin sauce water soy sauce"
"Baked-Black-Pepper_-Rosemary-Fries-with-Aioli-2021282","0.8333333333333334","0.5","0.5","0.8333333333333334","0.0","0.16666666666666666","baking potatoes ground black pepper sea salt fresh rosemary egg yolks grapeseed oil mild olive oil English mustard lemon garlic water"
"Crispy-Baked-Cod-Sandwich-2020766","0.3333333333333333","0.16666666666666666","0.6666666666666666","0.6666666666666666","0.16666666666666666","0.8333333333333334","fresh cod flour eggs panko cayenne garlic powder salt pepper hamburger buns cabbage lime mayonnaise ketchup Sriracha chili sauce"
"Grab-_-Go-Granola-Bars-2022108","0.8333333333333334","0.5","0.3333333333333333","0.16666666666666666","0.8333333333333334","0.0","old-fashioned oats shredded wheat walnuts dried fruit ground cinnamon salt large eggs honey vanilla extract chocolate chips"
"Spinach-Pancakes-601688","0.8333333333333334","0.16666666666666666","0.8333333333333334","0.16666666666666666","0.3333333333333333","0.0","fresh spinach buttermilk large eggs oil whole wheat flour sugar baking powder baking soda salt"
"Banana-Bread-1987272","0.16666666666666666","0.16666666666666666","0.5","0.16666666666666666","0.8333333333333334","0.0","bananas melted butter baking soda salt sugar large eggs vanilla extract flour"
"_Guilt-Free_-Panko-Crusted-Oven-Fried-Chicken-2022284","0.8333333333333334","0.16666666666666666","0.8333333333333334","0.16666666666666666","0.16666666666666666","0.5","bone in skinless chicken thigh eggs non dairy milk garlic powder ground black pepper dijon mustard salt red pepper flakes panko soy olive oil cooking spray"
"Lemon-Blondies-2022656","0.16666666666666666","0.3333333333333333","0.3333333333333333","0.8333333333333334","0.8333333333333334","0.0","unsalted butter brown sugar granulated sugar large eggs vanilla extract lemon juice lemon baking powder salt all-purpose flour powdered sugar"
"Maple-Mustard-Sausage-Bites-2022306","0.8333333333333334","0.8333333333333334","0.8333333333333334","0.16666666666666666","0.5","0.5","mayonnaise stone ground mustard pure maple syrup smoked sausage"
"Apple-Yogurt-Cake-2019838","0.16666666666666666","0.16666666666666666","0.16666666666666666","0.16666666666666666","0.6666666666666666","0.0","apples eggs plain yogurt olive oil flour cane sugar baking powder"
"Creamy-Baked-Parmesan-Chicken---Gluten-Free-2010796","0.5","0.6666666666666666","0.8333333333333334","0.16666666666666666","0.16666666666666666","0.0","chicken breasts onions mayonnaise shredded parmesan cheese garlic powder sea salt pepper"
"Healthier-Peanut-Butter-Granola-Cookie-Wedges-2018415","0.8333333333333334","0.8333333333333334","0.8333333333333334","0.16666666666666666","0.8333333333333334","0.0","honey creamy peanut butter olive oil large egg whites vanilla extract wheat quick oats brown sugar baking soda salt chopped pecans chopped almonds chocolate chips ""M&Ms Candy"""
"Flourless-Bread-Rolls-Ideal-For-Everyone-Who-Loves-Bread-And-Wants-To-Lose-Weight_-1594356","0.8333333333333334","0.8333333333333334","0.8333333333333334","0.0","0.16666666666666666","0.0","eggs cream cheese baking powder salt"
"Mint-Chocolate-Swirl-Brownies-2018059","0.16666666666666666","0.8333333333333334","0.3333333333333333","0.0","0.5","0.0","fudge brownie mix ""Egglands Best® eggs"" vegetable oil water cream cheese sugar egg yolks mint extract green food coloring mini chocolate chips"
"Zucchini-Parmesan-Bundt-Bread-2024694","0.8333333333333334","0.6666666666666666","0.8333333333333334","0.3333333333333333","0.16666666666666666","0.0","all-purpose flour zucchini large eggs parmesan cheese sharp cheddar cheese sour cream greek yogurt unsalted butter fresh chives baking powder baking soda salt onion powder garlic powder"
"Chocolate-Banana-Bread-2023184","0.5","0.3333333333333333","0.5","0.16666666666666666","0.8333333333333334","0.0","flour Dutch-processed cocoa powder baking soda sea salt bananas unsalted butter canola light brown sugar large eggs pure vanilla extract semi-sweet chocolate morsels"
"Perfect-Crepes-every-time-2011381","0.16666666666666666","0.16666666666666666","0.16666666666666666","0.16666666666666666","0.5","0.0","eggs milk flour salt melted butter vanilla sugar"
"Flan-1424389","0.16666666666666666","0.16666666666666666","0.16666666666666666","0.16666666666666666","0.8333333333333334","0.0","sugar water reduced fat milk vanilla extract eggs egg yolks"
"Eggless-Red-Velvet-Brownies-2020280","0.16666666666666666","0.6666666666666666","0.16666666666666666","0.16666666666666666","0.8333333333333334","0.0","flour butter sugar cocoa powder red food coloring eggs buttermilk applesauce vanilla extract cream cheese unsalted butter powdered sugar white chocolate"
"Italian-Cream-Cheese-Cake-2022609","0.16666666666666666","0.6666666666666666","0.3333333333333333","0.16666666666666666","0.8333333333333334","0.0","butter shortening sugar eggs vanilla extract flour baking soda buttermilk flaked coconut chopped pecans cream cheese confectioners sugar"
"Tomato-Basil-Slow-Cooker-Chicken-Meatballs-2024196","0.16666666666666666","0.16666666666666666","0.5","0.5","0.16666666666666666","0.16666666666666666","crushed tomatoes tomato paste onions garlic cloves extra-virgin olive oil bay leaf crushed red pepper flakes fresh basil salt ground chicken panko breadcrumbs milk large eggs parmigiano chopped parsley dried oregano kosher salt freshly ground black pepper"
"Onions-Frittata-2022751","0.16666666666666666","0.3333333333333333","0.5","0.16666666666666666","0.16666666666666666","0.0","onions eggs olive oil salt pepper"
"Chicken-and-Green-Chile-Egg-Muffins-2017482","0.5","0.5","0.6666666666666666","0.8333333333333334","0.16666666666666666","0.8333333333333334","large eggs green chile salt black pepper mozzarella cheese cilantro chicken"
"Orange-And-Vanilla-Muffins-2023822","0.16666666666666666","0.16666666666666666","0.16666666666666666","0.8333333333333334","0.6666666666666666","0.0","eggs juice milk flour vanilla extract margarine orange baking powder powdered sugar"
"Oreo-Stuffed-Chocolate-Chip-Cookies-1114282","0.16666666666666666","0.6666666666666666","0.8333333333333334","0.0","0.8333333333333334","0.0","softened butter light brown sugar granulated sugar large eggs pure vanilla all-purpose flour kosher salt baking soda chocolate chips OREO® Cookies"
"Mini-Cranberry-Orange-Scones-With-An-Orange-Glaze-2021014","0.3333333333333333","0.16666666666666666","0.5","0.8333333333333334","0.8333333333333334","0.0","all-purpose flour baking powder salt sugar eggs half & half orange unsalted butter dried cranberries"
"Banana-Oat-Greek-Yogurt-Muffins-1507865","0.5","0.16666666666666666","0.3333333333333333","0.16666666666666666","0.6666666666666666","0.0","plain greek yogurt bananas large eggs rolled oats brown sugar baking powder baking soda chocolate chips"
"Poppy-Seed-Orange-Almond-Cupcakes---Gluten-Free_-Paleo-and-Keto-2024009","0.5","0.5","0.16666666666666666","0.8333333333333334","0.16666666666666666","0.0","orange almond flour poppy seeds baking powder eggs organic butter stevia frosting butter coconut cream"
"Sweet-and-Sour-Meatballs-2020826","0.6666666666666666","0.16666666666666666","0.8333333333333334","0.3333333333333333","0.5","0.8333333333333334","extra lean ground beef ground turkey onions egg substitute Italian style breadcrumbs ketchup white vinegar worcestershire sauce sugar dry mustard"
"Sausage-Bread-2022666","0.8333333333333334","0.8333333333333334","0.8333333333333334","0.16666666666666666","0.16666666666666666","0.0","italian sausage vidalia onion eggs milk parmesan cheese basil garlic kosher salt black pepper shredded mozzarella cheese"
"Slow-Cooker-Cannellini_-Farro_-and-Spinach-Stew-2021969","0.16666666666666666","0.16666666666666666","0.6666666666666666","0.5","0.16666666666666666","0.16666666666666666","olive oil onions large garlic cloves tomato paste chili flakes rosemary cannellini beans farro diced tomatoes stock kosher salt baby spinach fried eggs parmesan cheese"
"Easy-Glazed-Chocolate-Cake-Donuts-2023472","0.3333333333333333","0.16666666666666666","0.6666666666666666","0.16666666666666666","0.8333333333333334","0.0","unsweetened cocoa powder sugar flour baking powder baking soda salt eggs milk water vegetable oil vanilla extract powdered sugar vanilla bean paste"
"Freezer-Friendly-Egg-Muffin-Baked-Omelette-2019375","0.6666666666666666","0.8333333333333334","0.8333333333333334","0.6666666666666666","0.16666666666666666","0.3333333333333333","chicken sausage large eggs red pepper onions shredded cheese milk salt pepper"
"Buttermilk-Dutch-Baby-2017675","0.16666666666666666","0.5","0.16666666666666666","0.6666666666666666","0.5","0.0","eggs buttermilk lemon all-purpose flour granulated sugar unsalted butter"
"Breakfast-Tostadas-2017776","0.3333333333333333","0.16666666666666666","0.5","0.16666666666666666","0.16666666666666666","0.5","canola oil cooking spray corn tortillas salsa black beans shredded cheddar cheese eggs scallions avocado"
"Banana-Espresso-Chocolate-Chip-Muffins-2021882","0.5","0.3333333333333333","0.8333333333333334","0.16666666666666666","0.8333333333333334","0.0","bananas granulated sugar firmly packed light brown sugar unsalted butter whole milk large eggs flour instant espresso powder baking soda salt semi-sweet chocolate morsels"
"Quinoa-Coated-Chicken-Nuggets-2024010","0.3333333333333333","0.3333333333333333","0.3333333333333333","0.16666666666666666","0.0","0.0","chicken breasts flour salt garlic powder pepper eggs water cooked quinoa"
"Cheesy-Corned-Beef-Hash-Breakfast-Casserole-2023780","0.8333333333333334","0.3333333333333333","0.8333333333333334","0.5","0.16666666666666666","0.5","russet potatoes water eggs milk corned beef cold cuts roma tomatoes green onions hot sauce salt paprika black pepper sharp cheddar cheese"
"Gluten-Free-Dutch-Baby-with-Oranges-2021199","0.16666666666666666","0.16666666666666666","0.16666666666666666","0.8333333333333334","0.5","0.0","milk rolled oats large eggs maple syrup vanilla orange zest cinnamon unsalted butter orange slices shredded coconut lime zest"
"Apple-Sharlotka-1929652","0.16666666666666666","0.16666666666666666","0.16666666666666666","0.16666666666666666","0.8333333333333334","0.0","butter tart apples large eggs granulated sugar vanilla extract flour ground cinnamon powdered sugar"
"Eritrean-Spiced-Bread-_-Hembesha-2023548","0.8333333333333334","0.16666666666666666","0.8333333333333334","0.16666666666666666","0.16666666666666666","0.0","all-purpose flour whole wheat flour instant yeast fenugreek ground coriander ground cardamom salt garlic vegetable oil warm water eggs"
"Lemon-Ricotta-Pancakes-_gluten-free_-Baked_-2018236","0.16666666666666666","0.8333333333333334","0.16666666666666666","0.5","0.5","0.0","ricotta eggs vanilla lemon honey gluten"
"Quick-and-Easy-French-Toast-902141","0.5","0.16666666666666666","0.8333333333333334","0.16666666666666666","0.3333333333333333","0.0","eggs McCormick® Pure Vanilla Extract McCormick® Ground Cinnamon milk bread"
"Japanese-Style-Pancakes-1058782","0.5","0.16666666666666666","0.3333333333333333","0.16666666666666666","0.5","0.0","large eggs milk vanilla sugar baking powder flour"
"Plantain-Tortillas-_Two-Ways_-2016830","0.8333333333333334","0.16666666666666666","0.8333333333333334","0.8333333333333334","0.6666666666666666","0.0","plantains sea salt eggs ghee apple cider vinegar"
"West-Virginia-Pepperoni-Roll-2023771","0.16666666666666666","0.6666666666666666","0.8333333333333334","0.16666666666666666","0.3333333333333333","0.0","milk unsalted butter sugar kosher salt active dry yeast all-purpose flour large eggs pepperoni virgin olive oil mozzarella cheese"
"Frittata-Caprese-1259888","0.3333333333333333","0.5","0.16666666666666666","0.16666666666666666","0.16666666666666666","0.0","olive oil eggs pesto mozzarella cheese cherry tomatoes"
"The-Best-Fried-Mozzarella-Cheese-Sticks-2019682","0.8333333333333334","0.6666666666666666","0.8333333333333334","0.16666666666666666","0.16666666666666666","0.0","mozzarella cheese flour large eggs milk seasoned panko bread crumbs salt pepper pizza sauce"
"Oatmeal-Streusel-Blueberry-Sour-Cream-Muffins-2024276","0.8333333333333334","0.16666666666666666","0.5","0.16666666666666666","0.5","0.0","butter coconut sugar agave nectar sour cream large eggs milk vanilla extract whole wheat white flour baking powder salt frozen blueberries rolled oats ground cinnamon"
"Whole-Wheat-Irish-Soda-Bread-Muffins-2022929","0.3333333333333333","0.16666666666666666","0.8333333333333334","0.16666666666666666","0.6666666666666666","0.0","baking spray whole wheat white flour flour baking powder baking soda kosher salt butter buttermilk honey large eggs raisins"
"Cobb-Salad-in-a-Jar-1097604","0.6666666666666666","0.5","0.16666666666666666","0.6666666666666666","0.16666666666666666","0.0","romaine lettuce cubed turkey cherry tomatoes avocado hard-boiled egg shredded cheddar cheese"
"30-Minutes-Bread-Rolls-1171284","0.16666666666666666","0.16666666666666666","0.8333333333333334","0.16666666666666666","0.3333333333333333","0.0","luke warm water oil yeast sugar salt eggs flour"
"Clementine-Cake-1903755","0.5","0.8333333333333334","0.16666666666666666","0.8333333333333334","0.8333333333333334","0.16666666666666666","clementines eggs sugar ground almonds baking powder powdered sugar glaze"
"Breakfast-Pizza-2021951","0.5","0.8333333333333334","0.8333333333333334","0.16666666666666666","0.16666666666666666","0.0","active dry yeast bread flour kosher salt bacon grated parmesan cheese mozzarella cheese large eggs freshly ground black pepper flat leaf parsley chives scallions shallots"
"Dutch-Babies-975813","0.16666666666666666","0.16666666666666666","0.5","0.16666666666666666","0.5","0.0","large eggs all-purpose flour milk granulated sugar vanilla extract salt unsalted butter"
"BLT-Avocado-Dip-2022904","0.6666666666666666","0.5","0.8333333333333334","0.8333333333333334","0.16666666666666666","0.8333333333333334","applewood smoked bacon cherry tomatoes extra-virgin olive oil salt pepper avocado lemon sour cream mayonnaise cream cheese shredded sharp cheddar cheese smoked mozzarella scallions chopped green chilies Tabasco Pepper Sauce endive kosher salt"
"Paleo-Apple-Crunch-Muffins-_-A-Look-Behind-The-Scenes-of-A-Sweet-Pea-Chef-2021903","0.16666666666666666","0.16666666666666666","0.3333333333333333","0.16666666666666666","0.6666666666666666","0.0","flour ground cinnamon baking soda sea salt eggs unsweetened applesauce raw honey green apples almond flour walnuts coconut oil"
"Saffron-Lemon-No-bake-Cheesecake-_with-Homemade-Lemon-Curd_-2023614","0.16666666666666666","0.8333333333333334","0.16666666666666666","0.3333333333333333","0.8333333333333334","0.0","egg yolks lemon juice granulated sugar butter lemon zest cream cheese heavy cream saffron milk lemon curd powdered sugar digestive biscuit"
"Asiago-Cheese-Bread-2022342","0.3333333333333333","0.3333333333333333","0.8333333333333334","0.16666666666666666","0.16666666666666666","0.0","flour yeast salt sugar black pepper milk butter shredded asiago cheese eggs"
"Mango_-Blueberry-and-Ginger-Galette-2022921","0.16666666666666666","0.16666666666666666","0.16666666666666666","0.6666666666666666","0.5","0.0","flour sugar salt butter fresh lime juice mango blueberries lime ginger root eggs water"
"Blueberry-Lemon-Poppy-Seed-Cupcakes-2024216","0.16666666666666666","0.16666666666666666","0.5","0.8333333333333334","0.8333333333333334","0.0","white cake mix egg whites oil milk sour cream lemon juice lemon poppy seeds butter dried blueberries powdered sugar"
"Soft-_-Chewy-Peanut-Butter-Cookie-2018640","0.3333333333333333","0.6666666666666666","0.8333333333333334","0.0","0.8333333333333334","0.0","flour salt baking soda butter shortening Jif Peanut Butter brown sugar white sugar eggs vanilla"
"Lemon-Blueberry-Cheesecake-Squares-2023890","0.16666666666666666","0.3333333333333333","0.16666666666666666","0.3333333333333333","0.6666666666666666","0.0","graham cracker crumbs granulated sugar melted butter cream cheese lemon zest vanilla extract lemon juice sour cream large eggs flour fresh blueberries water"
"Easy-Homemade-Aioli-_All-i-oli_Alioli_-1350568","0.8333333333333334","0.8333333333333334","0.8333333333333334","0.8333333333333334","0.16666666666666666","0.0","eggs lemon juice garlic oil salt"
"Carrot-Zucchini-Bread-2021883","0.6666666666666666","0.16666666666666666","0.5","0.3333333333333333","0.6666666666666666","0.0","all-purpose flour whole wheat flour baking powder baking soda cinnamon ground nutmeg zucchini carrots eggs applesauce brown sugar vanilla"
"Caprese-Quiche-1456434","0.6666666666666666","0.5","0.8333333333333334","0.16666666666666666","0.16666666666666666","0.0","large eggs whole milk shredded mozzarella cheese basil cherry tomatoes salt unbaked pie crusts"
"Rainbow-Carrot-Cake-Baked-Oatmeal-2023921","0.8333333333333334","0.16666666666666666","0.5","0.16666666666666666","0.5","0.0","old-fashioned oats baking powder cinnamon salt carrots milk eggs maple syrup ginger chopped pecans"
"The-Very-Best-Salisbury-Steak-2020225","0.3333333333333333","0.8333333333333334","0.5","0.16666666666666666","0.16666666666666666","0.8333333333333334","""Campbells Condensed French Onion Soup"" ground beef dry bread crumbs eggs salt ground black pepper flour ketchup worcestershire sauce mustard powder water"
"Keto-Psyllium-Buns-2023880","0.5","0.8333333333333334","0.3333333333333333","0.0","0.16666666666666666","0.0","boiling water blanched almond flour psyllium husks baking powder black sesame seeds white sesame seeds sunflower seeds chia seeds Himalayan salt garlic powder eggs egg whites apple cider vinegar coconut oil"
"Homemade-Blueberry-Custard-Pie-2020221","0.16666666666666666","0.16666666666666666","0.16666666666666666","0.16666666666666666","0.8333333333333334","0.0","pie crust fresh blueberries flour sugar evaporated milk large eggs vanilla cinnamon"
"Healthy-Recipes-2012627","0.5","0.16666666666666666","0.8333333333333334","0.8333333333333334","0.16666666666666666","0.0","broccoli large eggs onions minced garlic shaved parmesan cheese flour kosher salt black pepper olive oil cooking spray"
"Low-Carb-Zabaglione-2023540","0.8333333333333334","0.8333333333333334","0.16666666666666666","0.0","0.3333333333333333","0.0","egg yolks splenda xylitol sweetener marsala wine cocoa powder"
"Celebration-Pavlova-2022021","0.16666666666666666","0.16666666666666666","0.16666666666666666","0.16666666666666666","0.8333333333333334","0.0","egg whites white wine vinegar corn flour sugar cream fruit"
"Gluten-Free-Zucchini-Bread-2024023","0.16666666666666666","0.8333333333333334","0.5","0.3333333333333333","0.6666666666666666","0.0","gluten free blend almond flour salt baking soda baking powder cinnamon coconut sugar chopped pecans almond milk large eggs shredded zucchini vanilla coconut oil flax seed meal"
"Classic-Italian-Tiramisu-2018624","0.16666666666666666","0.3333333333333333","0.16666666666666666","0.0","0.5","0.0","large eggs mascarpone sugar rum coffee ladyfingers unsweetened cocoa powder"
"Honey-Mustard-Zoodles-A-deliciously-quick-dish-that-is-perfect-for-lunch-1088855","0.16666666666666666","0.16666666666666666","0.16666666666666666","0.8333333333333334","0.5","0.3333333333333333","zucchini red bell pepper mushrooms olive oil mayonnaise mustard honey"
"How-to-Make-Homemade-Chicken-Patties-for-Sandwiches-_Freezable__-2023434","0.16666666666666666","0.5","0.16666666666666666","0.16666666666666666","0.16666666666666666","0.0","ground chicken onion powder garlic powder sea salt eggs milk flour shortening"
"Fried-Cauliflower-Rice-with-Asparagus-_-Egg-2018731","0.3333333333333333","0.16666666666666666","0.16666666666666666","0.8333333333333334","0.16666666666666666","0.16666666666666666","cauliflower olive oil purple onion leeks asparagus slivered almonds salt pepper crushed red pepper flakes eggs"
"Crispy-Fish-Tacos-with-Honey-Lime-Cilantro-Slaw-2018396","0.5","0.16666666666666666","0.5","0.8333333333333334","0.3333333333333333","0.16666666666666666","cod cornmeal garlic powder onion powder ground paprika ground black pepper coarse salt large eggs water shredded cabbage plain greek yogurt lime garlic honey cilantro leaves salt"
"Rice-Pudding-1555190","0.16666666666666666","0.16666666666666666","0.16666666666666666","0.16666666666666666","0.6666666666666666","0.0","short-grain rice milk eggs vanilla honey"
"Chocolate-Chip-Avocado-Muffins-2023814","0.8333333333333334","0.5","0.6666666666666666","0.3333333333333333","0.6666666666666666","0.0","whole wheat flour baking powder sea salt eggs coconut oil raw honey avocado bananas pure vanilla extract dark chocolate chips"
"Lemon-Bar-Magic-Cake-2022294","0.16666666666666666","0.16666666666666666","0.3333333333333333","0.6666666666666666","0.8333333333333334","0.0","french vanilla cake mix sugar flour eggs lemon lemon juice sugar free instant lemon pudding mix cold milk cool whip"
"Nut-Butter-Honey-Cake-2023469","0.6666666666666666","0.8333333333333334","0.8333333333333334","0.16666666666666666","0.8333333333333334","0.0","flour coconut flour coconut oil nut butter honey vanilla eggs cream of tartar baking soda salt"
"Easy-Buttermilk-Cornbread-_-_SundaySupper-2022526","0.16666666666666666","0.3333333333333333","0.8333333333333334","0.16666666666666666","0.6666666666666666","0.0","cornmeal all-purpose flour baking soda kosher salt unsalted butter granulated sugar large eggs buttermilk"
"Jam-Bars-2022504","0.16666666666666666","0.6666666666666666","0.16666666666666666","0.16666666666666666","0.8333333333333334","0.0","almond meal flour coconut flakes fine sea salt baking powder unsalted butter light brown sugar granulated sugar large egg whites jam"
"Oatmeal-Raisinet-Cookies-2023046","0.3333333333333333","0.6666666666666666","0.5","0.0","0.8333333333333334","0.0","all-purpose flour baking soda salt unsalted butter firmly packed brown sugar granulated sugar eggs vanilla oats chocolate covered raisins"
"Coffee-Crunch-Cake-2021334","0.16666666666666666","0.6666666666666666","0.5","0.16666666666666666","0.8333333333333334","0.0","self raising flour caster sugar instant espresso powder baking powder butter large cage free eggs milk vanilla extract plain flour"
"Strawberry-Ricotta-Crepe-Pancakes-2022956","0.16666666666666666","0.16666666666666666","0.16666666666666666","0.8333333333333334","0.3333333333333333","0.0","large eggs flour skim milk olive oil frozen strawberries ricotta sugar vanilla extract strawberries"
"Cream-Cheese-Cookies-2022181","0.8333333333333334","0.8333333333333334","0.8333333333333334","0.16666666666666666","0.16666666666666666","0.0","butter cream cheese eggs coconut flour baking powder baking soda vanilla extract Truvía® natural sweetener"
"Salted-Caramel-Peanut-Bars-2022992","0.3333333333333333","0.8333333333333334","0.5","0.16666666666666666","0.8333333333333334","0.0","unsalted butter brown sugar egg yolks vanilla extract flour crushed pretzels baking powder baking soda marshmallow creme creamy peanut butter powdered sugar salted peanuts caramel cubes heavy cream"
"Scones-In-Any-Flavor-2017282","0.8333333333333334","0.6666666666666666","0.8333333333333334","0.16666666666666666","0.5","0.0","flour sugar baking powder salt butter cream eggs"
"Lemon-Cheesecake-White-Chocolate-Cookie-Bars-2023402","0.3333333333333333","0.8333333333333334","0.6666666666666666","0.5","0.8333333333333334","0.0","graham cracker crumbs sugar butter cream cheese eggs lemon extract lemon flour baking powder salt vanilla extract white chocolate chips"
"Lamingtons-1827609","0.16666666666666666","0.5","0.16666666666666666","0.0","0.8333333333333334","0.0","large eggs sugar salt vanilla extract cake flour unsalted butter"
"Mini-Chocolate-Pecan-Cheesecakes-2021797","0.16666666666666666","0.8333333333333334","0.16666666666666666","0.16666666666666666","0.8333333333333334","0.0","graham crackers pecans unsalted butter sugar cream cheese corn starch eggs karo pure vanilla extract semisweet chocolate heavy whipping cream"
"A-Very-Simple-Salmon-Burger-786310","0.16666666666666666","0.5","0.16666666666666666","0.6666666666666666","0.16666666666666666","0.16666666666666666","white sandwich bread salmon shallots mayonnaise fresh parsley dijon mustard salt pepper lemon wedges vegetable oil"
"Celebrate-National-Margarita-Day_-2019050","0.16666666666666666","0.16666666666666666","0.16666666666666666","0.6666666666666666","0.5","0.0","gold tequila agave nectar orange liqueur fresh orange juice fresh lime juice egg whites"
"Norwegian-Pancakes-1624366","0.16666666666666666","0.16666666666666666","0.16666666666666666","0.16666666666666666","0.3333333333333333","0.0","eggs milk all-purpose flour salt sugar"
"Dads-3-Ingredient-Pancakes-1010280","0.16666666666666666","0.16666666666666666","0.16666666666666666","0.16666666666666666","0.16666666666666666","0.0","flour eggs milk salt"
"Asian-slaw-297877","0.3333333333333333","0.8333333333333334","0.8333333333333334","0.8333333333333334","0.3333333333333333","0.0","""hellmann or best food real mayonnais"" lime juice sugar salt ground ginger slaw mix chopped fresh cilantro"
"Cherrislfashion-2015497","0.16666666666666666","0.3333333333333333","0.16666666666666666","0.16666666666666666","0.5","0.0","bread flour sugar salt small eggs milk instant yeast unsalted butter"
"Corn-And-Avocado-Fritters-578350","0.8333333333333334","0.3333333333333333","0.6666666666666666","0.6666666666666666","0.16666666666666666","0.8333333333333334","self rising flour eggs spring onions sweet corn red chili peppers fresh coriander salt black pepper avocado lemon juice oil"
"Lightened-Up-Skillet-Cornbread-2023199","0.8333333333333334","0.16666666666666666","0.8333333333333334","0.16666666666666666","0.5","0.0","yellow cornmeal flour granulated sugar baking powder baking soda kosher salt buttermilk eggs corn kernels butter"
"Banana-Cupcakes-with-Cream-Cheese-Frosting-2024127","0.16666666666666666","0.3333333333333333","0.16666666666666666","0.16666666666666666","0.8333333333333334","0.0","cake flour baking powder baking soda fine salt ground cinnamon unsalted butter granulated sugar light brown sugar sour cream vanilla extract large eggs bananas cream cheese sugar"
"Paleo-Tahini-Swirl-Brownies-2017457","0.8333333333333334","0.8333333333333334","0.5","0.0","0.6666666666666666","0.0","eggs coconut sugar vanilla extract baking soda salt tahini almond flour coconut oil cocoa powder maple syrup dark dairy free chocolate chips"
"Homemade-Mac-and-Cheese-Bites-1100618","0.8333333333333334","0.6666666666666666","0.6666666666666666","0.16666666666666666","0.16666666666666666","0.0","elbow macaroni butter flour milk shredded sharp cheddar cheese cream cheese salt pepper eggs"
"Three-Ingredient-Banana-Pancakes-1022026","0.16666666666666666","0.16666666666666666","0.16666666666666666","0.3333333333333333","0.5","0.0","bananas eggs cinnamon"
"Silky_-Decadent-Old-School-Chocolate-Mousse-1905243","0.16666666666666666","0.8333333333333334","0.16666666666666666","0.16666666666666666","0.8333333333333334","0.0","bittersweet chocolate unsalted butter large eggs cognac whipping cream salt"
"Broccoli-and-Cheddar-Mini-Frittatas-1202592","0.8333333333333334","0.6666666666666666","0.8333333333333334","0.8333333333333334","0.16666666666666666","0.0","butter eggs half & half salt pepper broccoli shredded cheddar cheese"
"Thin-Mint-Cookies-2023988","0.3333333333333333","0.8333333333333334","0.16666666666666666","0.0","0.8333333333333334","0.0","flour unsweetened cocoa powder baking powder salt unsalted butter sugar large eggs vanilla extract peppermint extract semisweet chocolate"
"Bailey_s-brownies-333866","0.16666666666666666","0.5","0.16666666666666666","0.0","0.8333333333333334","0.0","unsalted butter baking chocolate sugar eggs flour vanilla Baileys Irish Cream Liqueur"
"Soft-Homemade-Slider-Buns-1175388","0.16666666666666666","0.16666666666666666","0.16666666666666666","0.16666666666666666","0.5","0.0","instant yeast milk all-purpose flour sugar vegetable oil eggs"
"Gooey-Peanut-Butter-Crumb-Bars-2020339","0.6666666666666666","0.8333333333333334","0.6666666666666666","0.16666666666666666","0.8333333333333334","0.0","graham crackers butter honey creamy peanut butter sweetened condensed milk granulated sugar vanilla extract yolk eggs salt all-purpose flour rolled oats peanuts baking soda brown sugar chocolate"
"Oats-and-Banana-Mini-Pancakes-with-raisins-2024549","0.8333333333333334","0.16666666666666666","0.16666666666666666","0.16666666666666666","0.6666666666666666","0.0","oats bananas large eggs milk sugar salt raisins baking powder"
"Chocolate-Chip-Sweet-Rolls-with-Peanut-Butter-Icing-2023225","0.16666666666666666","0.3333333333333333","0.5","0.16666666666666666","0.8333333333333334","0.0","warm water Red Star Yeast sugar melted butter eggs salt all-purpose flour softened butter brown sugar cinnamon milk chocolate chips peanut butter cream cheese milk powdered sugar mini chocolate chips"
"Gma_s-Featherlight-Pancakes-1016140","0.8333333333333334","0.16666666666666666","0.8333333333333334","0.16666666666666666","0.5","0.0","all-purpose flour baking powder sugar salt eggs milk oil"
"5-Ingredient-Peanut-Butter-Chocolate-Chip-Cookies-1753644","0.8333333333333334","0.8333333333333334","0.6666666666666666","0.0","0.8333333333333334","0.0","peanut butter brown sugar eggs baking powder semi-sweet chocolate morsels"
"Vegetarian-Black-Bean-Burgers-2024234","0.6666666666666666","0.16666666666666666","0.8333333333333334","0.3333333333333333","0.16666666666666666","0.16666666666666666","yellow onion garlic fresh coriander olive oil ground cumin ground coriander chili powder black beans soy sauce dry bread crumbs large eggs salt pepper burger buns cheese slices salsa sour cream avocado sliced tomatoes lettuce pickles"
"Paleo-Swedish-Meatballs-2024015","0.5","0.6666666666666666","0.8333333333333334","0.16666666666666666","0.16666666666666666","0.0","ghee onions ground beef ground pork large egg yolks sea salt flakes ground allspice grated nutmeg freshly ground black pepper baking soda warm water tapioca flour beef stock cream fresh lemon juice cassis jam fresh parsley"
"Buttermilk-Lime-Pound-Cake-2024460","0.16666666666666666","0.5","0.16666666666666666","0.16666666666666666","0.8333333333333334","0.0","unsalted butter sugar large eggs flour baking powder salt buttermilk bottled lime juice vanilla extract lime juice milk powdered sugar"
"Mozzerella-Sticks-with-Marinara-Sauce-2021765","0.8333333333333334","0.8333333333333334","0.8333333333333334","0.16666666666666666","0.16666666666666666","0.16666666666666666","mozzarella cheese plain flour large cage free eggs milk parmesan cheese panko breadcrumbs dried oregano garlic powder ground black pepper sunflower oil olive oil butter garlic chili flakes tomato passata caster sugar"
"Browned-Butter-Triple-Chocolate-Chunk-Cookies-2023798","0.16666666666666666","0.8333333333333334","0.6666666666666666","0.0","0.8333333333333334","0.0","unsalted butter bread flour salt baking soda sugar brown sugar eggs egg yolks milk vanilla extract semi-sweet chocolate morsels chocolate chunks dark chocolate chunks"
